campo,anno,n_abs,n_parole,marc_per10k,ctrl_per10k,rapporto
Medicine,2018,1414,310668,0.8369062793721915,205.52486899197856,0.0040720438527799534
Medicine,2019,1409,310213,0.7414260524220455,205.11712919832502,0.003614647179003615
Medicine,2020,1417,314966,0.7302375494497819,209.95917019614816,0.00347799788295781
Medicine,2021,1423,323389,0.7421402706956637,206.50053032106842,0.0035938903863432167
Medicine,2022,1441,325152,0.7996260210609192,217.12921956500344,0.0036827195467422098
Medicine,2023,1445,341821,1.5212640534080704,218.3599018199584,0.006966773847802787
Medicine,2024,1447,349509,2.6322641190927842,217.67679802236853,0.012092534174553101
Engineering,2018,1368,184939,0.3785031821303241,196.6053671751226,0.0019251925192519251
Engineering,2019,1369,185372,0.7552381157887923,197.71054959756597,0.003819918144611187
Engineering,2020,1385,204875,0.8297742525930445,202.75777913361807,0.004092441020702937
Engineering,2021,1406,214281,1.0733569471861715,209.86461702157447,0.005114520791638871
Engineering,2022,1407,240730,0.7061853528849749,221.1190960827483,0.0031936877700544804
Engineering,2023,1407,226137,1.813060224554142,226.98629591796123,0.007987531657899864
Engineering,2024,1398,238379,5.1598504901857964,225.94272146455853,0.02283698477534348
Computer Science,2018,1398,239520,0.542752171008684,195.64128256513027,0.002774221084080239
Computer Science,2019,1398,242645,1.0715242432360033,204.49628057450184,0.005239822652156389
Computer Science,2020,1405,250549,1.1175458692710807,203.79247173207636,0.005483744614179397
Computer Science,2021,1433,261700,0.573175391669851,213.41230416507452,0.0026857654431512983
Computer Science,2022,1443,273703,0.7307190640950227,219.28879113491632,0.003332222592469177
Computer Science,2023,1447,267170,2.5826252947561477,227.08387917805143,0.011373001483434977
Computer Science,2024,387,72855,7.274723766385286,231.96760689039874,0.031360946745562134
"Biochemistry, Genetics and Molecular Biology",2018,1411,293074,1.1942376328162854,182.0359363164252,0.006560449859418931
"Biochemistry, Genetics and Molecular Biology",2019,1431,296095,1.1820530572958003,181.05675543322243,0.006528632717776534
"Biochemistry, Genetics and Molecular Biology",2020,1438,298835,1.2716047317081332,186.29009319524152,0.006825938566552901
"Biochemistry, Genetics and Molecular Biology",2021,1448,307095,1.8235399469219622,197.4633256809782,0.009234828496042216
"Biochemistry, Genetics and Molecular Biology",2022,1442,304672,0.9518432937716627,191.87847915134964,0.0049606568593910366
"Biochemistry, Genetics and Molecular Biology",2023,1451,303188,3.1663522302993523,192.38888082641793,0.0164580833190468
"Biochemistry, Genetics and Molecular Biology",2024,1462,319510,6.071797439829739,197.58380019404714,0.03073023918897513
Social Sciences,2018,1326,247741,0.9687536580541776,107.49129130826145,0.009012392039053699
Social Sciences,2019,1340,242700,1.277297074577668,119.200659250103,0.010715520221223643
Social Sciences,2020,1380,266804,1.1244209232245395,124.92316457024633,0.009000900090009001
Social Sciences,2021,1396,253967,1.1418806380356503,127.96938184882288,0.008923076923076922
Social Sciences,2022,1401,272772,1.3931048641356152,145.76276157376856,0.009557344064386318
Social Sciences,2023,1420,277734,2.37637451662382,149.38754347685196,0.015907447577729574
Social Sciences,2024,1424,284797,4.564654824313458,142.5927941656689,0.032011819748830335
Agricultural and Biological Sciences,2018,1410,280137,0.3569681977032666,162.20634903636434,0.0022007042253521128
Agricultural and Biological Sciences,2019,1423,299200,0.5013368983957219,166.14304812834226,0.0030175015087507543
Agricultural and Biological Sciences,2020,1422,290351,0.4477339495989337,170.96548660070053,0.0026188557614826753
Agricultural and Biological Sciences,2021,1440,299047,0.43471427568241783,176.62775416573314,0.0024611889435819764
Agricultural and Biological Sciences,2022,1449,307376,0.4880016657123523,178.80381031700588,0.0027292576419213972
Agricultural and Biological Sciences,2023,1457,317311,1.1660484508888755,185.30715922234023,0.006292517006802721
Agricultural and Biological Sciences,2024,1456,317168,2.9952580335973362,198.31761085607627,0.015103338632750398
Physics and Astronomy,2018,1419,238645,0.5866454356889941,185.21234469609672,0.003167420814479638
Physics and Astronomy,2019,1436,239287,0.7940255843401438,176.19009808305506,0.004506641366223909
Physics and Astronomy,2020,1449,248932,0.6829174232320473,162.0522873716517,0.00421417947446703
Physics and Astronomy,2021,1459,252285,1.1494936282379056,188.1998533404681,0.006107834877843303
Physics and Astronomy,2022,1458,253993,0.7874232754445989,196.54084955097187,0.004006410256410256
Physics and Astronomy,2023,1459,259648,1.5405472023662805,185.13526004436775,0.008321198252548368
Physics and Astronomy,2024,1454,261830,3.017224916930833,195.05022342741472,0.015468964166829842
Chemistry,2018,1390,205093,1.6090261491128415,162.46288269224206,0.009903961584633853
Chemistry,2019,1367,209810,1.7158381392688622,156.14127067346647,0.01098901098901099
Chemistry,2020,1385,229044,1.7027296065384816,152.1105115174377,0.011194029850746268
Chemistry,2021,1401,224986,2.0001244521881363,172.72185824895772,0.011580030880082347
Chemistry,2022,1382,210589,1.8994344433944792,173.03847779323706,0.010976948408342482
Chemistry,2023,1398,222618,3.18931982139809,177.74843004608792,0.017942886024766236
Chemistry,2024,1392,226724,6.5718671159647855,185.64421940332738,0.03540033262057496
Materials Science,2018,1392,233121,1.2010929946251088,177.24700906396248,0.006776379477250726
Materials Science,2019,1366,239069,1.0875521293015824,171.24763143694918,0.006350757205666829
Materials Science,2020,1374,264245,1.0974663664402353,130.74987227762114,0.008393632416787264
Materials Science,2021,1425,254946,1.2943917535478102,175.6842625497164,0.007367716008037508
Materials Science,2022,1429,261549,1.5675838944136662,171.13428076574561,0.009159964253798034
Materials Science,2023,1437,253540,2.9581131182456417,178.55170781730695,0.01656726308813784
Materials Science,2024,1435,267245,6.810230313008662,177.14082583397257,0.03844528939585974
Environmental Science,2018,1379,289065,0.6226973172123916,170.1347447805857,0.0036600244001626678
Environmental Science,2019,1393,295567,0.6428322512323771,169.36938156154105,0.0037954454654414702
Environmental Science,2020,1401,294915,0.3051726768729973,182.2219961683875,0.0016747301823595087
Environmental Science,2021,1431,314004,0.5732411052088509,182.54544528095184,0.00314026517794836
Environmental Science,2022,1447,324260,0.4009128477147968,195.64546968482082,0.0020491803278688526
Environmental Science,2023,1442,323754,1.4826071646991235,186.06719916973998,0.00796812749003984
Environmental Science,2024,1445,326149,4.629785772760303,202.36149735243708,0.02287878787878788
